img_id,num_hit
2,2814000
3,2476000
4,2404000
5,2287000
6,1655000
7,1324000
8,980000
9,976000
10,879000
11,855000
12,835000
13,786000
14,761000
15,705000
16,702000
17,676000
18,658000
19,644000
20,618000
21,609000
22,583000
23,569000
24,550000
25,535000
26,506000
27,497000
28,488000
29,480000
30,476000
31,451000
32,443000
33,423000
34,404000
35,393000
36,391000
37,384000
38,373000
39,369000
40,368000
41,340000
42,334000
43,333000
44,318000
45,315000
46,308000
47,307000
48,304000
49,296000
50,289000
51,289000
52,285000
53,281000
54,277000
55,264000
56,259000
57,255000
58,255000
59,249000
60,244000
61,242000
62,229000
63,228000
64,228000
65,226000
66,221000
67,211000
68,209000
69,205000
70,204000
71,200000
72,186000
73,183000
74,181000
75,180000
76,170000
77,166000
78,163000
79,161000
80,154000
81,151000
82,150000
83,138000
84,137000
85,134000
86,133000
87,132000
88,129000
89,129000
90,127000
91,125000
92,121000
93,121000
94,119000
95,116000
96,115000
97,115000
98,114000
99,113000
100,110000
101,110000
102,110000
103,108000
104,107000
105,107000
106,106000
107,105000
108,104000
109,104000
110,104000
111,103000
112,100000
113,99000
114,97000
115,96000
116,96000
117,95000
118,94000
119,93000
120,93000
121,91000
122,90000
123,90000
124,89000
125,89000
126,87000
127,85000
128,84000
129,83000
130,83000
131,83000
132,82000
133,82000
134,81000
135,81000
136,80000
137,79000
138,79000
139,78000
140,77000
141,77000
142,76000
143,76000
144,75000
145,75000
146,75000
147,75000
148,74000
149,74000
150,74000
151,74000
152,73000
153,73000
154,72000
155,71000
156,71000
157,70000
158,70000
159,70000
160,69000
161,69000
162,69000
163,68000
164,68000
165,68000
166,68000
167,67000
168,67000
169,67000
170,66000
171,66000
172,66000
173,66000
174,66000
175,65000
176,65000
177,65000
178,65000
179,63000
180,63000
181,62000
182,62000
183,62000
184,62000
185,61000
186,60000
187,60000
188,60000
189,60000
190,60000
191,60000
192,60000
193,59000
194,59000
195,59000
196,59000
197,59000
198,58000
199,58000
200,57000
201,57000
202,56000
203,56000
204,56000
205,55000
206,55000
207,55000
208,54000
209,54000
210,54000
211,54000
212,54000
213,53000
214,53000
215,53000
216,52000
217,52000
218,52000
219,52000
220,51000
221,51000
222,51000
223,50000
224,50000
225,50000
226,50000
227,50000
228,50000
229,49000
230,49000
231,49000
232,49000
233,49000
234,48000
235,48000
236,47000
237,47000
238,47000
239,47000
240,47000
241,47000
242,47000
243,47000
244,47000
245,47000
246,47000
247,46000
248,46000
249,46000
250,46000
251,46000
252,46000
253,46000
254,45000
255,45000
256,45000
257,45000
258,45000
259,44000
260,44000
261,44000
262,44000
263,44000
264,44000
265,44000
266,43000
267,43000
268,43000
269,43000
270,43000
271,42000
272,42000
273,42000
274,41000
275,41000
276,41000
277,41000
278,40000
279,40000
280,40000
281,40000
282,40000
283,40000
284,40000
285,40000
286,40000
287,39000
288,39000
289,39000
290,39000
291,39000
292,39000
293,39000
294,39000
295,39000
296,38000
297,38000
298,38000
299,38000
300,38000
301,38000
302,38000
303,37000
304,37000
305,37000
306,37000
307,37000
308,37000
309,37000
310,37000
311,37000
312,37000
313,37000
314,37000
315,36000
316,36000
317,36000
318,36000
319,36000
320,35000
321,35000
322,35000
323,35000
324,34000
325,34000
326,34000
327,34000
328,34000
329,34000
330,34000
331,34000
332,33000
333,33000
334,33000
335,33000
336,33000
337,33000
338,33000
339,33000
340,33000
341,33000
342,33000
343,33000
344,33000
345,33000
346,33000
347,32000
348,32000
349,32000
350,32000
351,32000
352,32000
353,32000
354,31000
355,31000
356,31000
357,31000
358,31000
359,31000
360,30000
361,30000
362,30000
363,30000
364,30000
365,30000
366,30000
367,30000
368,30000
369,30000
370,29000
371,29000
372,29000
373,29000
374,29000
375,29000
376,29000
377,29000
378,28000
379,28000
380,28000
381,28000
382,28000
383,28000
384,28000
385,28000
386,28000
387,28000
388,28000
389,28000
390,28000
391,28000
392,27000
393,27000
394,27000
395,27000
396,27000
397,27000
398,26000
399,26000
400,26000
401,26000
402,26000
403,26000
404,26000
405,26000
406,26000
407,26000
408,25000
409,25000
410,25000
411,25000
412,25000
413,25000
414,25000
415,25000
416,25000
417,25000
418,25000
419,25000
420,25000
421,25000
422,25000
423,24000
424,24000
425,24000
426,24000
427,24000
428,24000
429,24000
430,23000
431,23000
432,23000
433,23000
434,23000
435,23000
436,23000
437,23000
438,23000
439,23000
440,23000
441,23000
442,23000
443,23000
444,23000
445,23000
446,23000
447,22000
448,22000
449,22000
450,22000
451,22000
452,22000
453,22000
454,22000
455,22000
456,22000
457,22000
458,22000
459,22000
460,22000
461,22000
462,22000
463,21000
464,21000
465,21000
466,21000
467,21000
468,21000
469,21000
470,21000
471,21000
472,21000
473,21000
474,21000
475,21000
476,21000
477,21000
478,21000
479,21000
480,20000
481,20000
482,20000
483,20000
484,20000
485,20000
486,20000
487,20000
488,20000
489,20000
490,20000
491,20000
492,20000
493,20000
494,20000
495,20000
496,19000
497,19000
498,19000
499,19000
500,19000
501,19000
502,19000
503,19000
504,19000
505,19000
506,19000
507,19000
508,19000
509,19000
510,19000
511,19000
512,19000
513,19000
514,19000
515,19000
516,19000
517,18000
518,18000
519,18000
520,18000
521,18000
522,18000
523,18000
524,18000
525,18000
526,18000
527,18000
528,18000
529,18000
530,18000
531,18000
532,18000
533,17000
534,17000
535,17000
536,17000
537,17000
538,17000
539,17000
540,17000
541,17000
542,17000
543,17000
544,17000
545,17000
546,17000
547,17000
548,17000
549,17000
550,17000
551,17000
552,17000
553,17000
554,17000
555,17000
556,17000
557,17000
558,17000
559,17000
560,17000
561,16000
562,16000
563,16000
564,16000
565,16000
566,16000
567,16000
568,16000
569,16000
570,16000
571,16000
572,16000
573,16000
574,16000
575,16000
576,16000
577,16000
578,16000
579,16000
580,16000
581,16000
582,16000
583,16000
584,16000
585,16000
586,16000
587,16000
588,15000
589,15000
590,15000
591,15000
592,15000
593,15000
594,15000
595,15000
596,15000
597,15000
598,15000
599,15000
600,15000
601,15000
602,15000
603,15000
604,15000
605,15000
606,15000
607,15000
608,15000
609,15000
610,15000
611,15000
612,15000
613,15000
614,15000
615,15000
616,15000
617,15000
618,15000
619,15000
620,15000
621,15000
622,15000
623,14000
624,14000
625,14000
626,14000
627,14000
628,14000
629,14000
630,14000
631,14000
632,14000
633,14000
634,14000
635,14000
636,14000
637,14000
638,14000
639,14000
640,14000
641,14000
642,14000
643,14000
644,14000
645,14000
646,14000
647,13000
648,13000
649,13000
650,13000
651,13000
652,13000
653,13000
654,13000
655,13000
656,13000
657,13000
658,13000
659,13000
660,13000
661,13000
662,13000
663,13000
664,13000
665,13000
666,13000
667,13000
668,13000
669,13000
670,13000
671,13000
672,13000
673,13000
674,13000
675,13000
676,13000
677,13000
678,13000
679,13000
680,13000
681,13000
682,13000
683,13000
684,12000
685,12000
686,12000
687,12000
688,12000
689,12000
690,12000
691,12000
692,12000
693,12000
694,12000
695,12000
696,12000
697,12000
698,12000
699,12000
700,12000
701,12000
702,12000
703,12000
704,12000
705,12000
706,12000
707,12000
708,12000
709,12000
710,12000
711,12000
712,12000
713,12000
714,12000
715,12000
716,12000
717,12000
718,12000
719,12000
720,12000
721,12000
722,11000
723,11000
724,11000
725,11000
726,11000
727,11000
728,11000
729,11000
730,11000
731,11000
732,11000
733,11000
734,11000
735,11000
736,11000
737,11000
738,11000
739,11000
740,11000
741,11000
742,11000
743,11000
744,11000
745,11000
746,11000
747,11000
748,11000
749,11000
750,11000
751,11000
752,11000
753,11000
754,11000
755,11000
756,11000
757,11000
758,11000
759,11000
760,11000
761,11000
762,11000
763,11000
764,11000
765,11000
766,11000
767,10000
768,10000
769,10000
770,10000
771,10000
772,10000
773,10000
774,10000
775,10000
776,10000
777,10000
778,10000
779,10000
780,10000
781,10000
782,10000
783,10000
784,10000
785,10000
786,10000
787,10000
788,10000
789,10000
790,10000
791,10000
792,10000
793,9996
794,9982
795,9975
796,9955
797,9908
798,9892
799,9869
800,9851
801,9846
802,9843
803,9836
804,9799
805,9773
806,9761
807,9736
808,9732
809,9721
810,9719
811,9688
812,9673
813,9661
814,9636
815,9631
816,9621
817,9613
818,9610
819,9605
820,9599
821,9587
822,9571
823,9558
824,9549
825,9511
826,9505
827,9488
828,9481
829,9469
830,9460
831,9448
832,9437
833,9436
834,9400
835,9388
836,9371
837,9362
838,9356
839,9340
840,9324
841,9302
842,9297
843,9288
844,9285
845,9278
846,9275
847,9268
848,9241
849,9234
850,9234
851,9199
852,9185
853,9165
854,9165
855,9152
856,9126
857,9093
858,9093
859,9091
860,9080
861,9061
862,9047
863,9025
864,9023
865,9021
866,8977
867,8972
868,8969
869,8955
870,8952
871,8949
872,8922
873,8911
874,8904
875,8900
876,8873
877,8870
878,8855
879,8849
880,8835
881,8817
882,8792
883,8764
884,8735
885,8733
886,8726
887,8719
888,8706
889,8700
890,8698
891,8690
892,8680
893,8667
894,8655
895,8648
896,8639
897,8636
898,8629
899,8619
900,8603
901,8598
902,8593
903,8576
904,8546
905,8541
906,8534
907,8494
908,8487
909,8480
910,8446
911,8423
912,8417
913,8333
914,8328
915,8326
916,8321
917,8294
918,8291
919,8283
920,8275
921,8260
922,8243
923,8240
924,8204
925,8201
926,8196
927,8160
928,8129
929,8126
930,8125
931,8118
932,8116
933,8091
934,8069
935,8069
936,8067
937,8062
938,8060
939,8058
940,8057
941,8051
942,8047
943,8040
944,8040
945,8025
946,8012
947,7995
948,7982
949,7970
950,7941
951,7928
952,7905
953,7902
954,7890
955,7888
956,7848
957,7827
958,7827
959,7813
960,7812
961,7805
962,7800
963,7783
964,7765
965,7757
966,7743
967,7733
968,7726
969,7700
970,7689
971,7679
972,7661
973,7631
974,7606
975,7570
976,7560
977,7558
978,7546
979,7520
980,7508
981,7502
982,7487
983,7483
984,7443
985,7432
986,7423
987,7405
988,7396
989,7383
990,7371
991,7362
992,7307
993,7295
994,7290
995,7273
996,7234
997,7231
998,7200
999,7198
1000,7190
1001,7172
1002,7149
1003,7143
1004,7141
1005,7136
1006,7133
1007,7132
1008,7112
1009,7101
1010,7092
1011,7083
1012,7050
1013,7035
1014,7032
1015,7016
1016,7012
1017,7011
1018,7006
1019,6996
1020,6961
1021,6961
1022,6954
1023,6935
1024,6926
1025,6920
1026,6903
1027,6896
1028,6890
1029,6872
1030,6849
1031,6847
1032,6832
1033,6831
1034,6795
1035,6779
1036,6776
1037,6776
1038,6757
1039,6752
1040,6752
1041,6742
1042,6710
1043,6701
1044,6692
1045,6683
1046,6675
1047,6674
1048,6671
1049,6665
1050,6656
1051,6627
1052,6618
1053,6618
1054,6610
1055,6606
1056,6597
1057,6588
1058,6584
1059,6582
1060,6578
1061,6578
1062,6538
1063,6531
1064,6526
1065,6516
1066,6508
1067,6470
1068,6461
1069,6460
1070,6458
1071,6452
1072,6451
1073,6449
1074,6442
1075,6420
1076,6417
1077,6415
1078,6392
1079,6382
1080,6376
1081,6375
1082,6374
1083,6373
1084,6361
1085,6354
1086,6342
1087,6337
1088,6332
1089,6331
1090,6313
1091,6296
1092,6287
1093,6279
1094,6273
1095,6271
1096,6251
1097,6250
1098,6229
1099,6227
1100,6220
1101,6204
1102,6203
1103,6202
1104,6201
1105,6195
1106,6187
1107,6175
1108,6166
1109,6146
1110,6108
1111,6103
1112,6084
1113,6080
1114,6075
1115,6041
1116,6040
1117,6037
1118,6037
1119,6028
1120,6024
1121,6022
1122,6017
1123,6006
1124,5977
1125,5962
1126,5928
1127,5916
1128,5909
1129,5906
1130,5881
1131,5871
1132,5855
1133,5846
1134,5846
1135,5822
1136,5801
1137,5800
1138,5789
1139,5769
1140,5768
1141,5760
1142,5753
1143,5752
1144,5743
1145,5743
1146,5742
1147,5716
1148,5673
1149,5668
1150,5666
1151,5653
1152,5652
1153,5651
1154,5648
1155,5647
1156,5644
1157,5626
1158,5620
1159,5615
1160,5609
1161,5603
1162,5545
1163,5543
1164,5537
1165,5534
1166,5526
1167,5517
1168,5501
1169,5477
1170,5453
1171,5451
1172,5446
1173,5423
1174,5422
1175,5421
1176,5419
1177,5408
1178,5407
1179,5386
1180,5381
1181,5380
1182,5371
1183,5358
1184,5355
1185,5347
1186,5343
1187,5337
1188,5331
1189,5324
1190,5311
1191,5294
1192,5280
1193,5279
1194,5274
1195,5236
1196,5229
1197,5228
1198,5217
1199,5197
1200,5193
1201,5186
1202,5167
1203,5150
1204,5145
1205,5133
1206,5132
1207,5126
1208,5123
1209,5104
1210,5098
1211,5080
1212,5069
1213,5067
1214,5065
1215,5046
1216,5043
1217,5029
1218,5018
1219,5016
1220,5006
1221,4997
1222,4996
1223,4995
1224,4994
1225,4991
1226,4989
1227,4975
1228,4966
1229,4957
1230,4955
1231,4954
1232,4939
1233,4936
1234,4936
1235,4930
1236,4922
1237,4911
1238,4907
1239,4902
1240,4898
1241,4890
1242,4888
1243,4874
1244,4869
1245,4862
1246,4857
1247,4856
1248,4851
1249,4850
1250,4842
1251,4841
1252,4840
1253,4838
1254,4830
1255,4820
1256,4815
1257,4814
1258,4797
1259,4779
1260,4768
1261,4764
1262,4764
1263,4764
1264,4749
1265,4739
1266,4738
1267,4732
1268,4728
1269,4727
1270,4724
1271,4723
1272,4712
1273,4710
1274,4709
1275,4704
1276,4689
1277,4689
1278,4682
1279,4681
1280,4675
1281,4655
1282,4648
1283,4646
1284,4635
1285,4612
1286,4611
1287,4595
1288,4583
1289,4577
1290,4562
1291,4560
1292,4532
1293,4531
1294,4524
1295,4512
1296,4510
1297,4500
1298,4499
1299,4497
1300,4494
1301,4484
1302,4478
1303,4472
1304,4462
1305,4460
1306,4457
1307,4457
1308,4453
1309,4442
1310,4440
1311,4428
1312,4416
1313,4414
1314,4413
1315,4407
1316,4406
1317,4387
1318,4380
1319,4374
1320,4361
1321,4354
1322,4345
1323,4345
1324,4325
1325,4320
1326,4310
1327,4310
1328,4308
1329,4301
1330,4298
1331,4296
1332,4289
1333,4276
1334,4273
1335,4253
1336,4250
1337,4240
1338,4232
1339,4225
1340,4216
1341,4215
1342,4209
1343,4183
1344,4182
1345,4181
1346,4179
1347,4159
1348,4128
1349,4127
1350,4125
1351,4118
1352,4101
1353,4099
1354,4098
1355,4091
1356,4085
1357,4080
1358,4075
1359,4075
1360,4069
1361,4064
1362,4058
1363,4046
1364,4044
1365,4041
1366,4027
1367,4027
1368,4022
1369,4018
1370,4013
1371,4007
1372,3998
1373,3994
1374,3992
1375,3989
1376,3979
1377,3951
1378,3945
1379,3944
1380,3943
1381,3938
1382,3913
1383,3912
1384,3905
1385,3903
1386,3900
1387,3895
1388,3891
1389,3890
1390,3889
1391,3877
1392,3874
1393,3870
1394,3867
1395,3858
1396,3851
1397,3851
1398,3847
1399,3842
1400,3839
1401,3839
1402,3824
1403,3807
1404,3792
1405,3779
1406,3759
1407,3757
1408,3752
1409,3743
1410,3732
1411,3732
1412,3731
1413,3715
1414,3708
1415,3698
1416,3697
1417,3690
1418,3689
1419,3684
1420,3681
1421,3679
1422,3674
1423,3674
1424,3671
1425,3662
1426,3659
1427,3649
1428,3648
1429,3632
1430,3631
1431,3628
1432,3628
1433,3627
1434,3626
1435,3624
1436,3610
1437,3604
1438,3600
1439,3600
1440,3599
1441,3597
1442,3597
1443,3595
1444,3587
1445,3584
1446,3582
1447,3581
1448,3579
1449,3560
1450,3555
1451,3555
1452,3554
1453,3552
1454,3550
1455,3540
1456,3533
1457,3527
1458,3518
1459,3499
1460,3497
1461,3492
1462,3485
1463,3482
1464,3477
1465,3467
1466,3463
1467,3459
1468,3453
1469,3445
1470,3441
1471,3434
1472,3427
1473,3417
1474,3405
1475,3392
1476,3383
1477,3382
1478,3381
1479,3377
1480,3376
1481,3374
1482,3366
1483,3363
1484,3359
1485,3356
1486,3355
1487,3353
1488,3348
1489,3345
1490,3337
1491,3335
1492,3330
1493,3328
1494,3327
1495,3324
1496,3324
1497,3322
1498,3321
1499,3317
1500,3315
1501,3310
1502,3309
1503,3304
1504,3298
1505,3294
1506,3292
1507,3291
1508,3288
1509,3287
1510,3282
1511,3281
1512,3278
1513,3277
1514,3272
1515,3262
1516,3255
1517,3254
1518,3253
1519,3253
1520,3253
1521,3240
1522,3240
1523,3239
1524,3234
1525,3234
1526,3223
1527,3219
1528,3206
1529,3201
1530,3191
1531,3190
1532,3187
1533,3185
1534,3184
1535,3184
1536,3183
1537,3169
1538,3168
1539,3162
1540,3161
1541,3150
1542,3145
1543,3143
1544,3133
1545,3121
1546,3117
1547,3109
1548,3106
1549,3106
1550,3101
1551,3101
1552,3099
1553,3097
1554,3096
1555,3095
1556,3087
1557,3086
1558,3084
1559,3077
1560,3074
1561,3069
1562,3068
1563,3062
1564,3058
1565,3052
1566,3048
1567,3045
1568,3044
1569,3040
1570,3040
1571,3034
1572,3023
1573,3023
1574,3008
1575,3007
1576,3007
1577,3006
1578,3002
1579,3001
1580,3001
1581,2993
1582,2988
1583,2986
1584,2975
1585,2975
1586,2961
1587,2953
1588,2951
1589,2949
1590,2946
1591,2944
1592,2943
1593,2932
1594,2932
1595,2930
1596,2926
1597,2926
1598,2920
1599,2919
1600,2906
1601,2898
1602,2896
1603,2888
1604,2885
1605,2882
1606,2878
1607,2874
1608,2866
1609,2866
1610,2864
1611,2859
1612,2857
1613,2855
1614,2854
1615,2851
1616,2849
1617,2849
1618,2846
1619,2845
1620,2844
1621,2842
1622,2841
1623,2839
1624,2836
1625,2834
1626,2828
1627,2827
1628,2815
1629,2807
1630,2801
1631,2792
1632,2790
1633,2786
1634,2783
1635,2775
1636,2774
1637,2774
1638,2773
1639,2762
1640,2761
1641,2756
1642,2755
1643,2751
1644,2749
1645,2743
1646,2742
1647,2733
1648,2733
1649,2732
1650,2727
1651,2724
1652,2722
1653,2709
1654,2708
1655,2708
1656,2708
1657,2704
1658,2699
1659,2697
1660,2694
1661,2687
1662,2686
1663,2685
1664,2685
1665,2684
1666,2682
1667,2680
1668,2677
1669,2671
1670,2666
1671,2666
1672,2665
1673,2665
1674,2662
1675,2658
1676,2657
1677,2656
1678,2655
1679,2654
1680,2653
1681,2648
1682,2641
1683,2637
1684,2634
1685,2634
1686,2634
1687,2633
1688,2621
1689,2620
1690,2615
1691,2614
1692,2608
1693,2601
1694,2593
1695,2589
1696,2585
1697,2577
1698,2574
1699,2565
1700,2560
1701,2560
1702,2559
1703,2558
1704,2558
1705,2557
1706,2553
1707,2550
1708,2549
1709,2546
1710,2545
1711,2544
1712,2542
1713,2542
1714,2538
1715,2533
1716,2533
1717,2525
1718,2522
1719,2522
1720,2517
1721,2517
1722,2515
1723,2512
1724,2511
1725,2510
1726,2510
1727,2507
1728,2504
1729,2504
1730,2504
1731,2502
1732,2498
1733,2494
1734,2493
1735,2493
1736,2491
1737,2491
1738,2490
1739,2488
1740,2485
1741,2485
1742,2480
1743,2473
1744,2466
1745,2460
1746,2459
1747,2459
1748,2456
1749,2452
1750,2447
1751,2443
1752,2441
1753,2439
1754,2437
1755,2430
1756,2429
1757,2427
1758,2427
1759,2425
1760,2425
1761,2422
1762,2422
1763,2421
1764,2421
1765,2415
1766,2410
1767,2410
1768,2409
1769,2409
1770,2402
1771,2399
1772,2396
1773,2392
1774,2389
1775,2389
1776,2388
1777,2388
1778,2388
1779,2386
1780,2386
1781,2386
1782,2385
1783,2380
1784,2378
1785,2376
1786,2374
1787,2371
1788,2369
1789,2366
1790,2366
1791,2364
1792,2358
1793,2356
1794,2354
1795,2350
1796,2347
1797,2346
1798,2339
1799,2337
1800,2337
1801,2335
1802,2334
1803,2334
1804,2334
1805,2333
1806,2331
1807,2326
1808,2324
1809,2323
1810,2318
1811,2313
1812,2312
1813,2311
1814,2310
1815,2310
1816,2307
1817,2306
1818,2305
1819,2300
1820,2295
1821,2295
1822,2291
1823,2290
1824,2289
1825,2288
1826,2287
1827,2286
1828,2283
1829,2282
1830,2282
1831,2281
1832,2280
1833,2280
1834,2278
1835,2273
1836,2272
1837,2272
1838,2270
1839,2262
1840,2259
1841,2252
1842,2249
1843,2243
1844,2243
1845,2238
1846,2236
1847,2233
1848,2229
1849,2228
1850,2226
1851,2225
1852,2222
1853,2220
1854,2211
1855,2206
1856,2204
1857,2204
1858,2203
1859,2196
1860,2196
1861,2192
1862,2191
1863,2190
1864,2188
1865,2184
1866,2182
1867,2180
1868,2179
1869,2179
1870,2179
1871,2178
1872,2176
1873,2166
1874,2165
1875,2164
1876,2162
1877,2158
1878,2157
1879,2157
1880,2146
1881,2144
1882,2143
1883,2142
1884,2142
1885,2141
1886,2140
1887,2136
1888,2136
1889,2134
1890,2134
1891,2131
1892,2131
1893,2129
1894,2129
1895,2125
1896,2124
1897,2120
1898,2119
1899,2119
1900,2119
1901,2118
1902,2118
1903,2117
1904,2117
1905,2115
1906,2113
1907,2112
1908,2111
1909,2108
1910,2106
1911,2105
1912,2102
1913,2100
1914,2098
1915,2096
1916,2095
1917,2094
1918,2089
1919,2085
1920,2083
1921,2082
1922,2081
1923,2079
1924,2079
1925,2078
1926,2077
1927,2077
1928,2073
1929,2069
1930,2069
1931,2064
1932,2063
1933,2060
1934,2059
1935,2059
1936,2059
1937,2052
1938,2051
1939,2051
1940,2050
1941,2049
1942,2049
1943,2047
1944,2042
1945,2042
1946,2040
1947,2037
1948,2034
1949,2033
1950,2032
1951,2032
1952,2028
1953,2025
1954,2023
1955,2020
1956,2019
1957,2018
1958,2017
1959,2016
1960,2016
1961,2014
1962,2013
1963,2009
1964,2008
1965,2007
1966,2004
1967,2003
1968,2003
1969,2003
1970,2002
1971,2002
1972,2001
1973,1998
1974,1997
1975,1997
1976,1994
1977,1988
1978,1987
1979,1984
1980,1982
1981,1977
1982,1974
1983,1973
1984,1973
1985,1972
1986,1969
1987,1968
1988,1964
1989,1964
1990,1964
1991,1962
1992,1956
1993,1956
1994,1954
1995,1950
1996,1947
1997,1943
1998,1938
1999,1938
2000,1934
2001,1933
2002,1933
2003,1930
2004,1929
2005,1926
2006,1924
2007,1923
2008,1921
2009,1920
2010,1916
2011,1915
2012,1914
2013,1913
2014,1913
2015,1908
2016,1908
2017,1908
2018,1906
2019,1905
2020,1904
2021,1904
2022,1904
2023,1903
2024,1901
2025,1900
2026,1898
2027,1897
2028,1896
2029,1892
2030,1891
2031,1891
2032,1887
2033,1884
2034,1883
2035,1883
2036,1882
2037,1880
2038,1879
2039,1878
2040,1876
2041,1874
2042,1873
2043,1872
2044,1869
2045,1868
2046,1867
2047,1865
2048,1861
2049,1858
2050,1857
2051,1855
2052,1855
2053,1855
2054,1854
2055,1853
2056,1851
2057,1851
2058,1850
2059,1848
2060,1847
2061,1844
2062,1841
2063,1840
2064,1837
2065,1837
2066,1835
2067,1834
2068,1833
2069,1832
2070,1831
2071,1830
2072,1829
2073,1828
2074,1826
2075,1825
2076,1815
2077,1814
2078,1813
2079,1808
2080,1802
2081,1801
2082,1799
2083,1795
2084,1791
2085,1789
2086,1788
2087,1787
2088,1787
2089,1786
2090,1785
2091,1784
2092,1783
2093,1783
2094,1777
2095,1777
2096,1777
2097,1775
2098,1773
2099,1773
2100,1771
2101,1769
2102,1768
2103,1767
2104,1766
2105,1765
2106,1765
2107,1764
2108,1764
2109,1761
2110,1761
2111,1760
2112,1759
2113,1759
2114,1758
2115,1755
2116,1755
2117,1754
2118,1752
2119,1747
2120,1746
2121,1746
2122,1744
2123,1740
2124,1739
2125,1739
2126,1737
2127,1737
2128,1733
2129,1729
2130,1728
2131,1726
2132,1726
2133,1726
2134,1721
2135,1720
2136,1720
2137,1718
2138,1717
2139,1716
2140,1716
2141,1716
2142,1714
2143,1713
2144,1710
2145,1709
2146,1708
2147,1708
2148,1707
2149,1707
2150,1705
2151,1703
2152,1699
2153,1694
2154,1694
2155,1692
2156,1691
2157,1691
2158,1690
2159,1690
2160,1687
2161,1687
2162,1686
2163,1686
2164,1686
2165,1686
2166,1684
2167,1684
2168,1682
2169,1681
2170,1681
2171,1678
2172,1678
2173,1677
2174,1676
2175,1675
2176,1674
2177,1670
2178,1669
2179,1667
2180,1666
2181,1663
2182,1663
2183,1662
2184,1661
2185,1660
2186,1657
2187,1653
2188,1651
2189,1651
2190,1650
2191,1648
2192,1647
2193,1645
2194,1645
2195,1644
2196,1643
2197,1642
2198,1638
2199,1637
2200,1630
2201,1629
2202,1629
2203,1627
2204,1626
2205,1623
2206,1623
2207,1620
2208,1620
2209,1619
2210,1618
2211,1615
2212,1614
2213,1613
2214,1609
2215,1609
2216,1609
2217,1607
2218,1605
2219,1603
2220,1603
2221,1602
2222,1601
2223,1600
2224,1600
2225,1600
2226,1599
2227,1598
2228,1598
2229,1598
2230,1597
2231,1593
2232,1592
2233,1591
2234,1591
2235,1591
2236,1590
2237,1589
2238,1589
2239,1588
2240,1588
2241,1587
2242,1586
2243,1585
2244,1584
2245,1583
2246,1582
2247,1581
2248,1581
2249,1580
2250,1580
2251,1579
2252,1579
2253,1577
2254,1575
2255,1571
2256,1571
2257,1571
2258,1570
2259,1568
2260,1566
2261,1565
2262,1562
2263,1562
2264,1562
2265,1561
2266,1559
2267,1556
2268,1554
2269,1554
2270,1554
2271,1553
2272,1550
2273,1550
2274,1549
2275,1548
2276,1544
2277,1540
2278,1540
2279,1540
2280,1540
2281,1540
2282,1539
2283,1539
2284,1538
2285,1532
2286,1529
2287,1528
2288,1527
2289,1523
2290,1522
2291,1519
2292,1518
2293,1517
2294,1517
2295,1517
2296,1515
2297,1514
2298,1513
2299,1512
2300,1512
2301,1511
2302,1507
2303,1507
2304,1503
2305,1501
2306,1501
2307,1500
2308,1498
2309,1498
2310,1496
2311,1496
2312,1495
2313,1495
2314,1494
2315,1494
2316,1492
2317,1490
2318,1490
2319,1489
2320,1489
2321,1487
2322,1485
2323,1485
2324,1484
2325,1484
2326,1483
2327,1480
2328,1478
2329,1475
2330,1475
2331,1474
2332,1474
2333,1471
2334,1469
2335,1469
2336,1468
2337,1467
2338,1466
2339,1465
2340,1464
2341,1463
2342,1462
2343,1460
2344,1458
2345,1456
2346,1456
2347,1456
2348,1452
2349,1452
2350,1451
2351,1450
2352,1450
2353,1448
2354,1445
2355,1443
2356,1440
2357,1440
2358,1433
2359,1431
2360,1430
2361,1428
2362,1427
2363,1427
2364,1426
2365,1425
2366,1419
2367,1419
2368,1417
2369,1416
2370,1415
2371,1414
2372,1414
2373,1413
2374,1413
2375,1411
2376,1411
2377,1404
2378,1403
2379,1402
2380,1399
2381,1398
2382,1397
2383,1395
2384,1393
2385,1393
2386,1393
2387,1391
2388,1391
2389,1387
2390,1387
2391,1386
2392,1386
2393,1383
2394,1383
2395,1376
2396,1376
2397,1376
2398,1376
2399,1375
2400,1373
2401,1372
2402,1368
2403,1367
2404,1367
2405,1366
2406,1365
2407,1364
2408,1362
2409,1361
2410,1360
2411,1358
2412,1356
2413,1354
2414,1353
2415,1353
2416,1352
2417,1352
2418,1351
2419,1350
2420,1349
2421,1349
2422,1349
2423,1348
2424,1348
2425,1348
2426,1347
2427,1345
2428,1344
2429,1342
2430,1342
2431,1342
2432,1333
2433,1332
2434,1331
2435,1328
2436,1328
2437,1326
2438,1324
2439,1323
2440,1322
2441,1321
2442,1320
2443,1320
2444,1319
2445,1317
2446,1317
2447,1316
2448,1315
2449,1311
2450,1309
2451,1308
2452,1308
2453,1306
2454,1303
2455,1300
2456,1300
2457,1299
2458,1299
2459,1298
2460,1298
2461,1297
2462,1297
2463,1296
2464,1292
2465,1292
2466,1287
2467,1282
2468,1281
2469,1279
2470,1277
2471,1277
2472,1275
2473,1275
2474,1273
2475,1273
2476,1271
2477,1270
2478,1269
2479,1269
2480,1267
2481,1267
2482,1264
2483,1264
2484,1263
2485,1261
2486,1261
2487,1260
2488,1259
2489,1257
2490,1257
2491,1256
2492,1255
2493,1255
2494,1254
2495,1252
2496,1252
2497,1252
2498,1251
2499,1249
2500,1249
2501,1249
2502,1247
2503,1247
2504,1246
2505,1246
2506,1245
2507,1245
2508,1245
2509,1245
2510,1244
2511,1243
2512,1241
2513,1240
2514,1239
2515,1239
2516,1239
2517,1236
2518,1234
2519,1233
2520,1231
2521,1228
2522,1228
2523,1227
2524,1226
2525,1225
2526,1222
2527,1219
2528,1219
2529,1219
2530,1216
2531,1216
2532,1216
2533,1216
2534,1215
2535,1215
2536,1214
2537,1210
2538,1208
2539,1208
2540,1203
2541,1201
2542,1189
2543,1184
2544,1184
2545,1184
2546,1182
2547,1179
2548,1179
2549,1179
2550,1178
2551,1177
2552,1174
2553,1174
2554,1173
2555,1172
2556,1172
2557,1171
2558,1169
2559,1165
2560,1165
2561,1161
2562,1160
2563,1160
2564,1159
2565,1159
2566,1156
2567,1156
2568,1156
2569,1155
2570,1154
2571,1153
2572,1152
2573,1150
2574,1149
2575,1149
2576,1147
2577,1146
2578,1146
2579,1145
2580,1145
2581,1145
2582,1143
2583,1143
2584,1142
2585,1142
2586,1141
2587,1141
2588,1140
2589,1140
2590,1139
2591,1139
2592,1139
2593,1138
2594,1137
2595,1137
2596,1133
2597,1131
2598,1128
2599,1128
2600,1127
2601,1126
2602,1125
2603,1125
2604,1125
2605,1124
2606,1123
2607,1123
2608,1120
2609,1118
2610,1116
2611,1116
2612,1114
2613,1114
2614,1114
2615,1114
2616,1113
2617,1110
2618,1108
2619,1107
2620,1107
2621,1106
2622,1105
2623,1104
2624,1102
2625,1102
2626,1100
2627,1100
2628,1100
2629,1099
2630,1099
2631,1098
2632,1096
2633,1096
2634,1095
2635,1093
2636,1091
2637,1090
2638,1090
2639,1089
2640,1088
2641,1087
2642,1087
2643,1085
2644,1085
2645,1084
2646,1083
2647,1083
2648,1078
2649,1077
2650,1076
2651,1072
2652,1071
2653,1070
2654,1069
2655,1068
2656,1067
2657,1065
2658,1065
2659,1064
2660,1063
2661,1062
2662,1061
2663,1060
2664,1060
2665,1059
2666,1055
2667,1052
2668,1051
2669,1048
2670,1048
2671,1048
2672,1044
2673,1044
2674,1043
2675,1042
2676,1041
2677,1040
2678,1038
2679,1037
2680,1035
2681,1033
2682,1028
2683,1027
2684,1026
2685,1026
2686,1024
2687,1023
2688,1022
2689,1021
2690,1020
2691,1020
2692,1020
2693,1019
2694,1019
2695,1016
2696,1015
2697,1015
2698,1015
2699,1014
2700,1013
2701,1010
2702,1007
2703,1006
2704,1005
2705,1005
2706,1003
2707,1003
2708,1002
2709,1002
2710,1000
2711,1000
2712,998
2713,998
2714,998
2715,998
2716,996
2717,995
2718,993
2719,992
2720,990
2721,989
2722,987
2723,987
2724,985
2725,985
2726,984
2727,984
2728,983
2729,982
2730,982
2731,982
2732,981
2733,980
2734,979
2735,974
2736,973
2737,973
2738,971
2739,970
2740,968
2741,968
2742,966
2743,965
2744,964
2745,963
2746,963
2747,963
2748,963
2749,962
2750,958
2751,958
2752,956
2753,956
2754,956
2755,956
2756,953
2757,953
2758,953
2759,953
2760,952
2761,948
2762,946
2763,944
2764,944
2765,942
2766,942
2767,941
2768,939
2769,938
2770,935
2771,933
2772,933
2773,930
2774,927
2775,926
2776,925
2777,924
2778,923
2779,923
2780,922
2781,922
2782,921
2783,920
2784,920
2785,919
2786,917
2787,914
2788,914
2789,912
2790,909
2791,909
2792,908
2793,906
2794,905
2795,904
2796,903
2797,902
2798,902
2799,902
2800,901
2801,895
2802,894
2803,892
2804,891
2805,891
2806,889
2807,887
2808,885
2809,884
2810,880
2811,879
2812,878
2813,876
2814,874
2815,874
2816,874
2817,872
2818,871
2819,870
2820,868
2821,868
2822,867
2823,867
2824,867
2825,866
2826,865
2827,863
2828,863
2829,862
2830,862
2831,860
2832,860
2833,860
2834,860
2835,858
2836,858
2837,857
2838,857
2839,854
2840,854
2841,853
2842,849
2843,849
2844,847
2845,847
2846,846
2847,844
2848,843
2849,843
2850,843
2851,842
2852,841
2853,839
2854,838
2855,837
2856,837
2857,835
2858,834
2859,834
2860,834
2861,834
2862,832
2863,831
2864,830
2865,829
2866,826
2867,826
2868,826
2869,824
2870,823
2871,822
2872,822
2873,822
2874,822
2875,821
2876,816
2877,816
2878,816
2879,815
2880,815
2881,815
2882,814
2883,813
2884,813
2885,812
2886,812
2887,811
2888,811
2889,810
2890,808
2891,807
2892,807
2893,806
2894,806
2895,806
2896,804
2897,801
2898,799
2899,797
2900,797
2901,796
2902,795
2903,794
2904,794
2905,793
2906,791
2907,790
2908,790
2909,787
2910,787
2911,786
2912,785
2913,785
2914,785
2915,785
2916,784
2917,781
2918,781
2919,780
2920,778
2921,777
2922,776
2923,774
2924,774
2925,772
2926,772
2927,770
2928,770
2929,768
2930,768
2931,766
2932,765
2933,765
2934,765
2935,765
2936,763
2937,760
2938,759
2939,757
2940,756
2941,755
2942,755
2943,754
2944,754
2945,754
2946,753
2947,753
2948,752
2949,751
2950,750
2951,747
2952,747
2953,744
2954,743
2955,742
2956,738
2957,737
2958,734
2959,732
2960,732
2961,732
2962,730
2963,729
2964,725
2965,725
2966,725
2967,724
2968,721
2969,718
2970,718
2971,718
2972,716
2973,715
2974,714
2975,714
2976,714
2977,713
2978,713
2979,711
2980,710
2981,709
2982,708
2983,707
2984,705
2985,705
2986,704
2987,701
2988,700
2989,699
2990,698
2991,698
2992,697
2993,696
2994,692
2995,692
2996,690
2997,689
2998,689
2999,689
3000,688
3001,688
3002,688
3003,687
3004,687
3005,687
3006,686
3007,686
3008,686
3009,685
3010,684
3011,680
3012,680
3013,678
3014,675
3015,675
3016,674
3017,673
3018,673
3019,672
3020,672
3021,666
3022,666
3023,666
3024,666
3025,665
3026,665
3027,663
3028,662
3029,662
3030,661
3031,661
3032,660
3033,655
3034,654
3035,654
3036,653
3037,651
3038,651
3039,651
3040,649
3041,647
3042,646
3043,644
3044,644
3045,641
3046,639
3047,637
3048,636
3049,635
3050,633
3051,632
3052,632
3053,631
3054,631
3055,629
3056,629
3057,627
3058,627
3059,627
3060,626
3061,623
3062,622
3063,622
3064,621
3065,620
3066,618
3067,618
3068,617
3069,616
3070,616
3071,616
3072,615
3073,615
3074,615
3075,614
3076,614
3077,613
3078,613
3079,612
3080,611
3081,611
3082,611
3083,611
3084,610
3085,609
3086,608
3087,608
3088,605
3089,605
3090,605
3091,605
3092,604
3093,604
3094,603
3095,602
3096,601
3097,600
3098,599
3099,598
3100,596
3101,596
3102,595
3103,593
3104,592
3105,591
3106,591
3107,591
3108,590
3109,589
3110,589
3111,589
3112,589
3113,588
3114,588
3115,587
3116,587
3117,586
3118,581
3119,580
3120,580
3121,579
3122,579
3123,578
3124,577
3125,577
3126,576
3127,575
3128,574
3129,574
3130,574
3131,573
3132,572
3133,572
3134,572
3135,571
3136,570
3137,567
3138,567
3139,567
3140,565
3141,565
3142,562
3143,562
3144,561
3145,560
3146,560
3147,558
3148,557
3149,556
3150,555
3151,555
3152,555
3153,554
3154,554
3155,554
3156,554
3157,554
3158,554
3159,553
3160,552
3161,552
3162,552
3163,551
3164,551
3165,551
3166,549
3167,548
3168,547
3169,547
3170,547
3171,546
3172,546
3173,545
3174,545
3175,543
3176,543
3177,542
3178,540
3179,538
3180,538
3181,538
3182,536
3183,536
3184,535
3185,532
3186,531
3187,531
3188,530
3189,530
3190,530
3191,530
3192,528
3193,528
3194,527
3195,525
3196,525
3197,524
3198,523
3199,522
3200,521
3201,521
3202,520
3203,520
3204,520
3205,519
3206,518
3207,518
3208,518
3209,516
3210,515
3211,514
3212,512
3213,512
3214,511
3215,510
3216,510
3217,510
3218,509
3219,508
3220,507
3221,506
3222,505
3223,505
3224,504
3225,502
3226,501
3227,501
3228,501
3229,500
3230,500
3231,500
3232,499
3233,499
3234,498
3235,498
3236,498
3237,498
3238,498
3239,498
3240,497
3241,496
3242,496
3243,495
3244,494
3245,493
3246,491
3247,490
3248,490
3249,489
3250,486
3251,486
3252,485
3253,485
3254,483
3255,479
3256,479
3257,477
3258,475
3259,472
3260,470
3261,470
3262,469
3263,467
3264,467
3265,466
3266,464
3267,463
3268,462
3269,461
3270,461
3271,460
3272,460
3273,460
3274,459
3275,459
3276,459
3277,459
3278,457
3279,456
3280,454
3281,454
3282,453
3283,453
3284,453
3285,453
3286,452
3287,451
3288,450
3289,450
3290,448
3291,448
3292,446
3293,446
3294,445
3295,445
3296,445
3297,444
3298,443
3299,443
3300,443
3301,442
3302,441
3303,440
3304,439
3305,439
3306,438
3307,438
3308,436
3309,435
3310,434
3311,433
3312,433
3313,432
3314,430
3315,430
3316,430
3317,430
3318,428
3319,428
3320,428
3321,427
3322,426
3323,426
3324,425
3325,425
3326,424
3327,423
3328,423
3329,423
3330,423
3331,422
3332,422
3333,419
3334,419
3335,419
3336,417
3337,417
3338,416
3339,415
3340,415
3341,414
3342,414
3343,410
3344,410
3345,410
3346,408
3347,408
3348,408
3349,408
3350,407
3351,407
3352,405
3353,404
3354,404
3355,403
3356,403
3357,403
3358,402
3359,399
3360,399
3361,399
3362,398
3363,398
3364,397
3365,397
3366,397
3367,396
3368,396
3369,396
3370,395
3371,393
3372,393
3373,392
3374,392
3375,390
3376,389
3377,389
3378,389
3379,388
3380,388
3381,388
3382,387
3383,387
3384,386
3385,386
3386,386
3387,386
3388,385
3389,383
3390,382
3391,381
3392,381
3393,381
3394,380
3395,379
3396,379
3397,377
3398,377
3399,376
3400,375
3401,375
3402,375
3403,374
3404,374
3405,373
3406,373
3407,371
3408,371
3409,371
3410,370
3411,370
3412,370
3413,369
3414,368
3415,368
3416,368
3417,367
3418,367
3419,367
3420,365
3421,364
3422,364
3423,363
3424,362
3425,360
3426,359
3427,358
3428,358
3429,358
3430,356
3431,354
3432,354
3433,354
3434,353
3435,353
3436,353
3437,351
3438,350
3439,349
3440,349
3441,348
3442,348
3443,347
3444,346
3445,346
3446,345
3447,345
3448,345
3449,345
3450,344
3451,344
3452,344
3453,344
3454,342
3455,341
3456,340
3457,339
3458,338
3459,336
3460,335
3461,334
3462,333
3463,333
3464,333
3465,332
3466,332
3467,332
3468,332
3469,332
3470,332
3471,331
3472,330
3473,330
3474,330
3475,330
3476,330
3477,330
3478,329
3479,328
3480,328
3481,328
3482,326
3483,326
3484,326
3485,326
3486,324
3487,324
3488,324
3489,323
3490,323
3491,322
3492,322
3493,321
3494,321
3495,320
3496,320
3497,318
3498,318
3499,317
3500,317
3501,317
3502,317
3503,317
3504,317
3505,317
3506,316
3507,315
3508,315
3509,314
3510,314
3511,314
3512,314
3513,313
3514,312
3515,312
3516,312
3517,311
3518,311
3519,311
3520,310
3521,309
3522,308
3523,308
3524,307
3525,306
3526,306
3527,305
3528,305
3529,304
3530,304
3531,303
3532,303
3533,303
3534,303
3535,302
3536,302
3537,302
3538,302
3539,301
3540,301
3541,301
3542,300
3543,300
3544,300
3545,300
3546,299
3547,299
3548,298
3549,298
3550,298
3551,298
3552,297
3553,297
3554,297
3555,297
3556,297
3557,297
3558,297
3559,296
3560,295
3561,295
3562,295
3563,295
3564,294
3565,294
3566,294
3567,293
3568,293
3569,293
3570,292
3571,291
3572,291
3573,291
3574,290
3575,290
3576,290
3577,289
3578,289
3579,289
3580,288
3581,288
3582,287
3583,287
3584,286
3585,286
3586,285
3587,285
3588,285
3589,284
3590,284
3591,284
3592,283
3593,283
3594,283
3595,282
3596,282
3597,282
3598,282
3599,282
3600,281
3601,281
3602,281
3603,281
3604,279
3605,279
3606,279
3607,279
3608,278
3609,278
3610,278
3611,278
3612,276
3613,276
3614,276
3615,276
3616,276
3617,276
3618,276
3619,275
3620,275
3621,275
3622,275
3623,275
3624,275
3625,274
3626,274
3627,274
3628,273
3629,273
3630,273
3631,273
3632,273
3633,272
3634,272
3635,271
3636,271
3637,270
3638,270
3639,269
3640,269
3641,268
3642,268
3643,267
3644,266
3645,266
3646,266
3647,265
3648,264
3649,264
3650,264
3651,264
3652,263
3653,263
3654,263
3655,263
3656,262
3657,262
3658,261
3659,260
3660,260
3661,260
3662,260
3663,259
3664,259
3665,258
3666,258
3667,258
3668,258
3669,258
3670,258
3671,258
3672,257
3673,257
3674,257
3675,256
3676,255
3677,255
3678,255
3679,254
3680,254
3681,254
3682,254
3683,253
3684,253
3685,253
3686,253
3687,253
3688,253
3689,252
3690,252
3691,252
3692,251
3693,251
3694,250
3695,250
3696,249
3697,249
3698,249
3699,248
3700,248
3701,247
3702,247
3703,246
3704,246
3705,245
3706,245
3707,245
3708,244
3709,244
3710,244
3711,244
3712,244
3713,243
3714,243
3715,243
3716,243
3717,242
3718,242
3719,241
3720,241
3721,240
3722,240
3723,240
3724,239
3725,239
3726,239
3727,239
3728,239
3729,238
3730,238
3731,238
3732,238
3733,237
3734,237
3735,237
3736,237
3737,236
3738,236
3739,236
3740,236
3741,236
3742,236
3743,236
3744,235
3745,234
3746,234
3747,234
3748,234
3749,234
3750,234
3751,233
3752,233
3753,233
3754,232
3755,232
3756,232
3757,232
3758,231
3759,231
3760,231
3761,231
3762,231
3763,230
3764,230
3765,230
3766,230
3767,229
3768,229
3769,229
3770,228
3771,228
3772,228
3773,227
3774,227
3775,227
3776,227
3777,226
3778,226
3779,225
3780,225
3781,225
3782,225
3783,225
3784,224
3785,224
3786,224
3787,224
3788,224
3789,223
3790,223
3791,223
3792,223
3793,223
3794,222
3795,221
3796,221
3797,220
3798,220
3799,220
3800,220
3801,219
3802,219
3803,219
3804,219
3805,219
3806,218
3807,218
3808,218
3809,218
3810,217
3811,217
3812,216
3813,216
3814,216
3815,216
3816,216
3817,214
3818,214
3819,214
3820,214
3821,214
3822,214
3823,213
3824,213
3825,213
3826,213
3827,212
3828,212
3829,212
3830,212
3831,211
3832,211
3833,211
3834,211
3835,211
3836,210
3837,210
3838,209
3839,209
3840,208
3841,208
3842,207
3843,207
3844,207
3845,206
3846,205
3847,205
3848,205
3849,205
3850,205
3851,204
3852,204
3853,203
3854,203
3855,202
3856,202
3857,202
3858,202
3859,202
3860,202
3861,201
3862,201
3863,201
3864,201
3865,201
3866,200
3867,200
3868,200
3869,200
3870,200
3871,199
3872,199
3873,198
3874,198
3875,198
3876,198
3877,198
3878,198
3879,197
3880,197
3881,197
3882,197
3883,197
3884,197
3885,197
3886,197
3887,195
3888,195
3889,195
3890,194
3891,194
3892,194
3893,194
3894,193
3895,193
3896,193
3897,192
3898,192
3899,192
3900,192
3901,192
3902,192
3903,192
3904,191
3905,191
3906,191
3907,191
3908,191
3909,190
3910,189
3911,189
3912,189
3913,189
3914,188
3915,188
3916,187
3917,187
3918,187
3919,186
3920,186
3921,186
3922,186
3923,186
3924,186
3925,186
3926,185
3927,185
3928,185
3929,185
3930,185
3931,184
3932,182
3933,182
3934,182
3935,182
3936,182
3937,182
3938,181
3939,181
3940,181
3941,181
3942,180
3943,180
3944,180
3945,179
3946,179
3947,179
3948,179
3949,179
3950,179
3951,179
3952,179
3953,178
3954,178
3955,177
3956,177
3957,176
3958,176
3959,176
3960,176
3961,176
3962,176
3963,175
3964,175
3965,175
3966,174
3967,174
3968,174
3969,174
3970,174
3971,174
3972,174
3973,173
3974,173
3975,173
3976,173
3977,172
3978,172
3979,172
3980,172
3981,172
3982,172
3983,172
3984,171
3985,170
3986,170
3987,170
3988,170
3989,170
3990,170
3991,169
3992,169
3993,169
3994,169
3995,169
3996,168
3997,168
3998,168
3999,168
4000,168
4001,168
4002,168
4003,168
4004,168
4005,168
4006,168
4007,167
4008,167
4009,167
4010,167
4011,167
4012,167
4013,166
4014,166
4015,166
4016,166
4017,166
4018,166
4019,165
4020,164
4021,164
4022,164
4023,164
4024,164
4025,163
4026,163
4027,163
4028,163
4029,163
4030,162
4031,162
4032,162
4033,162
4034,162
4035,162
4036,162
4037,162
4038,161
4039,161
4040,161
4041,161
4042,161
4043,161
4044,160
4045,160
4046,160
4047,160
4048,159
4049,159
4050,159
4051,159
4052,159
4053,159
4054,159
4055,159
4056,158
4057,158
4058,158
4059,158
4060,158
4061,158
4062,158
4063,157
4064,157
4065,157
4066,157
4067,157
4068,157
4069,156
4070,156
4071,156
4072,156
4073,156
4074,156
4075,156
4076,156
4077,156
4078,156
4079,155
4080,154
4081,154
4082,154
4083,154
4084,153
4085,153
4086,153
4087,153
4088,153
4089,153
4090,153
4091,153
4092,153
4093,153
4094,152
4095,152
4096,152
4097,152
4098,152
4099,152
4100,152
4101,152
4102,151
4103,151
4104,151
4105,151
4106,151
4107,150
4108,150
4109,150
4110,150
4111,150
4112,150
4113,150
4114,150
4115,149
4116,149
4117,149
4118,149
4119,149
4120,149
4121,149
4122,148
4123,148
4124,148
4125,148
4126,148
4127,148
4128,148
4129,147
4130,147
4131,147
4132,147
4133,146
4134,146
4135,146
4136,146
4137,146
4138,146
4139,146
4140,145
4141,145
4142,145
4143,145
4144,145
4145,145
4146,144
4147,144
4148,144
4149,144
4150,144
4151,144
4152,143
4153,143
4154,143
4155,143
4156,143
4157,143
4158,143
4159,142
4160,142
4161,142
4162,142
4163,142
4164,142
4165,141
4166,141
4167,141
4168,141
4169,141
4170,141
4171,141
4172,141
4173,141
4174,140
4175,140
4176,140
4177,140
4178,140
4179,140
4180,140
4181,139
4182,139
4183,139
4184,139
4185,139
4186,138
4187,138
4188,138
4189,138
4190,138
4191,138
4192,137
4193,137
4194,137
4195,137
4196,136
4197,136
4198,136
4199,136
4200,136
4201,136
4202,136
4203,135
4204,135
4205,135
4206,135
4207,135
4208,135
4209,134
4210,134
4211,134
4212,134
4213,134
4214,134
4215,134
4216,134
4217,134
4218,133
4219,133
4220,133
4221,133
4222,133
4223,132
4224,132
4225,132
4226,132
4227,132
4228,132
4229,132
4230,132
4231,131
4232,131
4233,131
4234,131
4235,131
4236,130
4237,130
4238,130
4239,130
4240,130
4241,130
4242,130
4243,130
4244,129
4245,129
4246,129
4247,128
4248,128
4249,128
4250,128
4251,128
4252,128
4253,128
4254,128
4255,127
4256,127
4257,127
4258,127
4259,127
4260,127
4261,127
4262,127
4263,126
4264,126
4265,125
4266,125
4267,125
4268,125
4269,125
4270,125
4271,125
4272,125
4273,124
4274,124
4275,124
4276,124
4277,124
4278,123
4279,123
4280,123
4281,123
4282,123
4283,123
4284,123
4285,123
4286,123
4287,123
4288,123
4289,123
4290,122
4291,122
4292,122
4293,122
4294,122
4295,122
4296,122
4297,122
4298,121
4299,121
4300,121
4301,121
4302,121
4303,121
4304,121
4305,120
4306,120
4307,120
4308,120
4309,120
4310,120
4311,120
4312,120
4313,120
4314,120
4315,119
4316,119
4317,119
4318,119
4319,119
4320,119
4321,119
4322,119
4323,119
4324,119
4325,119
4326,118
4327,118
4328,118
4329,118
4330,118
4331,118
4332,118
4333,118
4334,118
4335,118
4336,118
4337,118
4338,118
4339,118
4340,117
4341,117
4342,117
4343,117
4344,117
4345,117
4346,117
4347,117
4348,117
4349,117
4350,117
4351,116
4352,116
4353,116
4354,116
4355,116
4356,116
4357,116
4358,116
4359,115
4360,115
4361,115
4362,115
4363,115
4364,115
4365,115
4366,115
4367,115
4368,115
4369,114
4370,113
4371,113
4372,113
4373,113
4374,113
4375,113
4376,113
4377,112
4378,112
4379,112
4380,112
4381,112
4382,112
4383,112
4384,112
4385,112
4386,112
4387,111
4388,111
4389,111
4390,111
4391,111
4392,111
4393,111
4394,111
4395,111
4396,111
4397,111
4398,111
4399,111
4400,110
4401,110
4402,110
4403,110
4404,110
4405,110
4406,110
4407,110
4408,110
4409,109
4410,109
4411,109
4412,109
4413,109
4414,109
4415,109
4416,109
4417,109
4418,108
4419,108
4420,108
4421,108
4422,108
4423,108
4424,108
4425,108
4426,108
4427,107
4428,107
4429,107
4430,107
4431,107
4432,107
4433,107
4434,107
4435,106
4436,106
4437,106
4438,106
4439,106
4440,106
4441,106
4442,106
4443,106
4444,105
4445,105
4446,105
4447,105
4448,105
4449,105
4450,105
4451,105
4452,105
4453,104
4454,104
4455,104
4456,104
4457,104
4458,104
4459,104
4460,104
4461,104
4462,104
4463,104
4464,104
4465,104
4466,103
4467,103
4468,103
4469,103
4470,103
4471,103
4472,103
4473,103
4474,103
4475,103
4476,103
4477,102
4478,102
4479,102
4480,102
4481,102
4482,102
4483,102
4484,102
4485,101
4486,101
4487,101
4488,101
4489,101
4490,101
4491,101
4492,101
4493,101
4494,100
4495,100
4496,100
4497,100
4498,100
4499,100
4500,100
4501,100
4502,100
4503,100
4504,99
4505,99
4506,99
4507,99
4508,99
4509,99
4510,99
4511,99
4512,99
4513,98
4514,98
4515,98
4516,98
4517,98
4518,98
4519,98
4520,98
4521,98
4522,98
4523,98
4524,98
4525,97
4526,97
4527,97
4528,97
4529,97
4530,97
4531,97
4532,96
4533,96
4534,96
4535,96
4536,96
4537,96
4538,96
4539,96
4540,96
4541,96
4542,96
4543,95
4544,95
4545,95
4546,95
4547,95
4548,95
4549,95
4550,95
4551,95
4552,95
4553,95
4554,95
4555,95
4556,95
4557,95
4558,95
4559,95
4560,94
4561,94
4562,94
4563,94
4564,94
4565,94
4566,94
4567,94
4568,94
4569,94
4570,94
4571,94
4572,94
4573,94
4574,94
4575,93
4576,93
4577,93
4578,93
4579,93
4580,93
4581,93
4582,93
4583,93
4584,93
4585,92
4586,92
4587,92
4588,92
4589,92
4590,92
4591,92
4592,92
4593,92
4594,92
4595,92
4596,91
4597,91
4598,91
4599,91
4600,91
4601,91
4602,91
4603,91
4604,91
4605,90
4606,90
4607,90
4608,90
4609,90
4610,90
4611,90
4612,90
4613,90
4614,90
4615,89
4616,89
4617,89
4618,89
4619,89
4620,89
4621,89
4622,89
4623,89
4624,89
4625,89
4626,89
4627,88
4628,88
4629,88
4630,88
4631,88
4632,88
4633,88
4634,87
4635,87
4636,87
4637,87
4638,87
4639,87
4640,87
4641,87
4642,87
4643,87
4644,87
4645,87
4646,87
4647,86
4648,86
4649,86
4650,86
4651,86
4652,86
4653,86
4654,86
4655,86
4656,86
4657,85
4658,85
4659,85
4660,85
4661,85
4662,85
4663,85
4664,85
4665,85
4666,85
4667,85
4668,85
4669,85
4670,85
4671,85
4672,85
4673,85
4674,84
4675,84
4676,84
4677,84
4678,84
4679,84
4680,84
4681,84
4682,84
4683,84
4684,84
4685,84
4686,83
4687,83
4688,83
4689,83
4690,83
4691,83
4692,83
4693,83
4694,83
4695,83
4696,82
4697,82
4698,82
4699,82
4700,82
4701,82
4702,82
4703,82
4704,82
4705,82
4706,82
4707,82
4708,82
4709,81
4710,81
4711,81
4712,81
4713,81
4714,81
4715,81
4716,81
4717,81
4718,81
4719,81
4720,81
4721,81
4722,81
4723,81
4724,80
4725,80
4726,80
4727,80
4728,80
4729,80
4730,80
4731,80
4732,80
4733,80
4734,80
4735,80
4736,80
4737,79
4738,79
4739,79
4740,79
4741,79
4742,79
4743,79
4744,79
4745,78
4746,78
4747,78
4748,78
4749,78
4750,78
4751,78
4752,78
4753,78
4754,78
4755,78
4756,78
4757,78
4758,78
4759,78
4760,77
4761,77
4762,77
4763,77
4764,77
4765,77
4766,77
4767,77
4768,77
4769,77
4770,77
4771,77
4772,77
4773,77
4774,76
4775,76
4776,76
4777,76
4778,76
4779,76
4780,76
4781,76
4782,76
4783,76
4784,76
4785,76
4786,76
4787,76
4788,76
4789,76
4790,76
4791,76
4792,75
4793,75
4794,75
4795,75
4796,75
4797,75
4798,75
4799,75
4800,75
4801,75
4802,75
4803,75
4804,75
4805,75
4806,74
4807,74
4808,74
4809,74
4810,74
4811,74
4812,74
4813,74
4814,74
4815,74
4816,74
4817,73
4818,73
4819,73
4820,73
4821,73
4822,73
4823,73
4824,73
4825,73
4826,73
4827,73
4828,73
4829,73
4830,73
4831,73
4832,72
4833,72
4834,72
4835,72
4836,72
4837,72
4838,72
4839,72
4840,72
4841,71
4842,71
4843,71
4844,71
4845,71
4846,71
4847,71
4848,71
4849,71
4850,71
4851,71
4852,71
4853,71
4854,71
4855,71
4856,71
4857,71
4858,71
4859,71
4860,71
4861,70
4862,70
4863,70
4864,70
4865,70
4866,70
4867,70
4868,70
4869,69
4870,69
4871,69
4872,69
4873,69
4874,69
4875,69
4876,69
4877,69
4878,69
4879,69
4880,69
4881,69
4882,69
4883,69
4884,69
4885,69
4886,69
4887,69
4888,69
4889,69
4890,68
4891,68
4892,68
4893,68
4894,68
4895,68
4896,68
4897,68
4898,68
4899,68
4900,68
4901,68
4902,68
4903,68
4904,68
4905,68
4906,68
4907,67
4908,67
4909,67
4910,67
4911,67
4912,67
4913,67
4914,67
4915,67
4916,67
4917,67
4918,67
4919,67
4920,67
4921,67
4922,67
4923,67
4924,66
4925,66
4926,66
4927,66
4928,66
4929,66
4930,66
4931,66
4932,66
4933,65
4934,65
4935,65
4936,65
4937,65
4938,65
4939,65
4940,65
4941,65
4942,64
4943,64
4944,64
4945,64
4946,64
4947,64
4948,64
4949,64
4950,64
4951,64
4952,64
4953,64
4954,64
4955,64
4956,64
4957,64
4958,64
4959,64
4960,64
4961,64
4962,64
4963,64
4964,63
4965,63
4966,63
4967,63
4968,63
4969,63
4970,63
4971,63
4972,63
4973,63
4974,63
4975,63
4976,63
4977,63
4978,62
4979,62
4980,62
4981,62
4982,62
4983,62
4984,62
4985,62
4986,62
4987,62
4988,62
4989,62
4990,62
4991,62
4992,62
4993,62
4994,62
4995,62
4996,61
4997,61
4998,61
4999,61
5000,61
5001,61
5002,61
5003,61
5004,61
5005,61
5006,61
5007,61
5008,61
5009,61
5010,61
5011,61
5012,61
5013,60
5014,60
5015,60
5016,60
5017,60
5018,60
5019,60
5020,60
5021,60
5022,60
5023,59
5024,59
5025,59
5026,59
5027,59
5028,59
5029,59
5030,59
5031,59
5032,59
5033,59
5034,59
5035,59
5036,59
5037,59
5038,59
5039,59
5040,59
5041,59
5042,59
5043,59
5044,59
5045,59
5046,58
5047,58
5048,58
5049,58
5050,58
5051,58
5052,58
5053,58
5054,58
5055,58
5056,58
5057,58
5058,58
5059,58
5060,58
5061,58
5062,58
5063,58
5064,58
5065,58
5066,58
5067,58
5068,58
5069,58
5070,58
5071,58
5072,57
5073,57
5074,57
5075,57
5076,57
5077,57
5078,57
5079,57
5080,57
5081,57
5082,57
5083,57
5084,57
5085,57
5086,57
5087,57
5088,57
5089,57
5090,57
5091,57
5092,57
5093,57
5094,57
5095,57
5096,57
5097,57
5098,56
5099,56
5100,56
5101,56
5102,56
5103,56
5104,56
5105,56
5106,56
5107,56
5108,56
5109,56
5110,56
5111,56
5112,55
5113,55
5114,55
5115,55
5116,55
5117,55
5118,55
5119,55
5120,55
5121,55
5122,55
5123,55
5124,55
5125,55
5126,55
5127,55
5128,55
5129,55
5130,55
5131,55
5132,55
5133,54
5134,54
5135,54
5136,54
5137,54
5138,54
5139,54
5140,54
5141,54
5142,54
5143,54
5144,54
5145,54
5146,54
5147,54
5148,54
5149,54
5150,54
5151,54
5152,54
5153,54
5154,54
5155,54
5156,54
5157,53
5158,53
5159,53
5160,53
5161,53
5162,53
5163,53
5164,53
5165,53
5166,53
5167,53
5168,53
5169,53
5170,53
5171,52
5172,52
5173,52
5174,52
5175,52
5176,52
5177,52
5178,52
5179,52
5180,52
5181,52
5182,52
5183,52
5184,52
5185,52
5186,52
5187,52
5188,52
5189,52
5190,52
5191,52
5192,52
5193,52
5194,52
5195,51
5196,51
5197,51
5198,51
5199,51
5200,51
5201,51
5202,51
5203,51
5204,51
5205,51
5206,51
5207,51
5208,51
5209,51
5210,51
5211,51
5212,51
5213,51
5214,51
5215,51
5216,50
5217,50
5218,50
5219,50
5220,50
5221,50
5222,50
5223,50
5224,50
5225,50
5226,50
5227,50
5228,50
5229,50
5230,50
5231,50
5232,50
5233,50
5234,50
5235,50
5236,50
5237,49
5238,49
5239,49
5240,49
5241,49
5242,49
5243,49
5244,49
5245,49
5246,49
5247,49
5248,49
5249,49
5250,49
5251,49
5252,49
5253,49
5254,49
5255,49
5256,49
5257,49
5258,49
5259,49
5260,49
5261,49
5262,49
5263,49
5264,49
5265,49
5266,48
5267,48
5268,48
5269,48
5270,48
5271,48
5272,48
5273,48
5274,48
5275,48
5276,48
5277,48
5278,48
5279,48
5280,48
5281,48
5282,48
5283,48
5284,48
5285,48
5286,48
5287,48
5288,48
5289,48
5290,48
5291,48
5292,48
5293,47
5294,47
5295,47
5296,47
5297,47
5298,47
5299,47
5300,47
5301,47
5302,47
5303,47
5304,47
5305,47
5306,47
5307,47
5308,47
5309,47
5310,47
5311,47
5312,47
5313,47
5314,47
5315,47
5316,47
5317,47
5318,47
5319,46
5320,46
5321,46
5322,46
5323,46
5324,46
5325,46
5326,46
5327,46
5328,46
5329,46
5330,46
5331,46
5332,46
5333,46
5334,46
5335,46
5336,46
5337,46
5338,46
5339,46
5340,46
5341,46
5342,46
5343,46
5344,46
5345,46
5346,46
5347,46
5348,46
5349,46
5350,45
5351,45
5352,45
5353,45
5354,45
5355,45
5356,45
5357,45
5358,45
5359,45
5360,45
5361,45
5362,45
5363,45
5364,45
5365,45
5366,45
5367,45
5368,45
5369,45
5370,45
5371,45
5372,45
5373,45
5374,45
5375,45
5376,45
5377,45
5378,45
5379,45
5380,45
5381,45
5382,44
5383,44
5384,44
5385,44
5386,44
5387,44
5388,44
5389,44
5390,44
5391,44
5392,44
5393,44
5394,44
5395,44
5396,44
5397,44
5398,44
5399,44
5400,44
5401,44
5402,43
5403,43
5404,43
5405,43
5406,43
5407,43
5408,43
5409,43
5410,43
5411,43
5412,43
5413,43
5414,43
5415,43
5416,43
5417,43
5418,43
5419,43
5420,43
5421,42
5422,42
5423,42
5424,42
5425,42
5426,42
5427,42
5428,42
5429,42
5430,42
5431,42
5432,42
5433,42
5434,42
5435,42
5436,42
5437,42
5438,42
5439,42
5440,42
5441,42
5442,42
5443,42
5444,42
5445,42
5446,42
5447,42
5448,42
5449,41
5450,41
5451,41
5452,41
5453,41
5454,41
5455,41
5456,41
5457,41
5458,41
5459,41
5460,41
5461,41
5462,41
5463,41
5464,41
5465,41
5466,41
5467,41
5468,41
5469,41
5470,41
5471,41
5472,41
5473,41
5474,41
5475,41
5476,41
5477,41
5478,41
5479,41
5480,41
5481,41
5482,40
5483,40
5484,40
5485,40
5486,40
5487,40
5488,40
5489,40
5490,40
5491,40
5492,40
5493,40
5494,40
5495,40
5496,40
5497,40
5498,40
5499,40
5500,40
5501,40
5502,40
5503,40
5504,40
5505,40
5506,40
5507,40
5508,40
5509,40
5510,39
5511,39
5512,39
5513,39
5514,39
5515,39
5516,39
5517,39
5518,39
5519,39
5520,39
5521,39
5522,39
5523,39
5524,39
5525,39
5526,39
5527,39
5528,39
5529,39
5530,39
5531,39
5532,39
5533,39
5534,39
5535,38
5536,38
5537,38
5538,38
5539,38
5540,38
5541,38
5542,38
5543,38
5544,38
5545,38
5546,38
5547,38
5548,38
5549,38
5550,38
5551,38
5552,38
5553,38
5554,38
5555,38
5556,38
5557,38
5558,38
5559,38
5560,38
5561,38
5562,38
5563,38
5564,38
5565,38
5566,38
5567,38
5568,38
5569,37
5570,37
5571,37
5572,37
5573,37
5574,37
5575,37
5576,37
5577,37
5578,37
5579,37
5580,37
5581,37
5582,37
5583,37
5584,37
5585,37
5586,37
5587,37
5588,37
5589,37
5590,37
5591,37
5592,37
5593,37
5594,37
5595,37
5596,37
5597,36
5598,36
5599,36
5600,36
5601,36
5602,36
5603,36
5604,36
5605,36
5606,36
5607,36
5608,36
5609,36
5610,36
5611,36
5612,36
5613,36
5614,36
5615,36
5616,36
5617,36
5618,36
5619,36
5620,36
5621,36
5622,36
5623,36
5624,36
5625,36
5626,36
5627,36
5628,35
5629,35
5630,35
5631,35
5632,35
5633,35
5634,35
5635,35
5636,35
5637,35
5638,35
5639,35
5640,35
5641,35
5642,35
5643,35
5644,35
5645,35
5646,35
5647,35
5648,35
5649,35
5650,35
5651,35
5652,35
5653,35
5654,35
5655,35
5656,35
5657,35
5658,35
5659,35
5660,35
5661,35
5662,35
5663,35
5664,35
5665,35
5666,34
5667,34
5668,34
5669,34
5670,34
5671,34
5672,34
5673,34
5674,34
5675,34
5676,34
5677,34
5678,34
5679,34
5680,34
5681,34
5682,34
5683,34
5684,34
5685,34
5686,34
5687,34
5688,34
5689,34
5690,34
5691,34
5692,34
5693,33
5694,33
5695,33
5696,33
5697,33
5698,33
5699,33
5700,33
5701,33
5702,33
5703,33
5704,33
5705,33
5706,33
5707,33
5708,33
5709,33
5710,33
5711,33
5712,33
5713,33
5714,33
5715,33
5716,33
5717,33
5718,33
5719,33
5720,33
5721,33
5722,33
5723,33
5724,33
5725,33
5726,33
5727,33
5728,33
5729,33
5730,33
5731,33
5732,33
5733,33
5734,33
5735,33
5736,33
5737,33
5738,33
5739,33
5740,32
5741,32
5742,32
5743,32
5744,32
5745,32
5746,32
5747,32
5748,32
5749,32
5750,32
5751,32
5752,32
5753,32
5754,32
5755,32
5756,32
5757,32
5758,32
5759,32
5760,32
5761,32
5762,32
5763,32
5764,32
5765,32
5766,32
5767,32
5768,32
5769,32
5770,32
5771,32
5772,32
5773,32
5774,32
5775,32
5776,32
5777,32
5778,32
5779,32
5780,32
5781,31
5782,31
5783,31
5784,31
5785,31
5786,31
5787,31
5788,31
5789,31
5790,31
5791,31
5792,31
5793,31
5794,31
5795,31
5796,31
5797,31
5798,31
5799,31
5800,31
5801,31
5802,31
5803,31
5804,31
5805,31
5806,31
5807,31
5808,31
5809,31
5810,31
5811,31
5812,31
5813,31
5814,31
5815,31
5816,31
5817,31
5818,31
5819,31
5820,31
5821,31
5822,31
5823,31
5824,31
5825,30
5826,30
5827,30
5828,30
5829,30
5830,30
5831,30
5832,30
5833,30
5834,30
5835,30
5836,30
5837,30
5838,30
5839,30
5840,30
5841,30
5842,30
5843,30
5844,30
5845,30
5846,30
5847,30
5848,30
5849,30
5850,30
5851,30
5852,30
5853,30
5854,30
5855,30
5856,30
5857,30
5858,30
5859,30
5860,30
5861,30
5862,30
5863,30
5864,30
5865,29
5866,29
5867,29
5868,29
5869,29
5870,29
5871,29
5872,29
5873,29
5874,29
5875,29
5876,29
5877,29
5878,29
5879,29
5880,29
5881,29
5882,29
5883,29
5884,29
5885,29
5886,29
5887,29
5888,29
5889,29
5890,29
5891,29
5892,29
5893,29
5894,29
5895,29
5896,29
5897,29
5898,29
5899,29
5900,29
5901,29
5902,29
5903,29
5904,29
5905,29
5906,29
5907,29
5908,29
5909,29
5910,29
5911,29
5912,29
5913,29
5914,28
5915,28
5916,28
5917,28
5918,28
5919,28
5920,28
5921,28
5922,28
5923,28
5924,28
5925,28
5926,28
5927,28
5928,28
5929,28
5930,28
5931,28
5932,28
5933,28
5934,28
5935,28
5936,28
5937,28
5938,28
5939,28
5940,28
5941,28
5942,28
5943,28
5944,28
5945,28
5946,28
5947,28
5948,28
5949,28
5950,28
5951,28
5952,27
5953,27
5954,27
5955,27
5956,27
5957,27
5958,27
5959,27
5960,27
5961,27
5962,27
5963,27
5964,27
5965,27
5966,27
5967,27
5968,27
5969,27
5970,27
5971,27
5972,27
5973,27
5974,27
5975,27
5976,27
5977,27
5978,27
5979,27
5980,27
5981,27
5982,26
5983,26
5984,26
5985,26
5986,26
5987,26
5988,26
5989,26
5990,26
5991,26
5992,26
5993,26
5994,26
5995,26
5996,26
5997,26
5998,26
5999,26
6000,26
6001,26
6002,26
6003,26
6004,26
6005,26
6006,26
6007,26
6008,26
6009,26
6010,26
6011,26
6012,26
6013,26
6014,26
6015,26
6016,26
6017,26
6018,26
6019,26
6020,26
6021,25
6022,25
6023,25
6024,25
6025,25
6026,25
6027,25
6028,25
6029,25
6030,25
6031,25
6032,25
6033,25
6034,25
6035,25
6036,25
6037,25
6038,25
6039,25
6040,25
6041,25
6042,25
6043,25
6044,25
6045,25
6046,25
6047,25
6048,25
6049,25
6050,25
6051,25
6052,25
6053,25
6054,25
6055,25
6056,25
6057,25
6058,25
6059,25
6060,25
6061,25
6062,25
6063,25
6064,25
6065,25
6066,24
6067,24
6068,24
6069,24
6070,24
6071,24
6072,24
6073,24
6074,24
6075,24
6076,24
6077,24
6078,24
6079,24
6080,24
6081,24
6082,24
6083,24
6084,24
6085,24
6086,24
6087,24
6088,24
6089,24
6090,24
6091,24
6092,24
6093,24
6094,24
6095,24
6096,24
6097,24
6098,24
6099,24
6100,24
6101,24
6102,24
6103,24
6104,24
6105,24
6106,24
6107,24
6108,24
6109,24
6110,24
6111,24
6112,24
6113,24
6114,24
6115,23
6116,23
6117,23
6118,23
6119,23
6120,23
6121,23
6122,23
6123,23
6124,23
6125,23
6126,23
6127,23
6128,23
6129,23
6130,23
6131,23
6132,23
6133,23
6134,23
6135,23
6136,23
6137,23
6138,23
6139,23
6140,23
6141,23
6142,23
6143,23
6144,23
6145,23
6146,23
6147,23
6148,23
6149,23
6150,23
6151,23
6152,23
6153,23
6154,23
6155,23
6156,23
6157,23
6158,23
6159,23
6160,23
6161,23
6162,23
6163,23
6164,23
6165,23
6166,23
6167,23
6168,22
6169,22
6170,22
6171,22
6172,22
6173,22
6174,22
6175,22
6176,22
6177,22
6178,22
6179,22
6180,22
6181,22
6182,22
6183,22
6184,22
6185,22
6186,22
6187,22
6188,22
6189,22
6190,22
6191,22
6192,22
6193,22
6194,22
6195,22
6196,22
6197,22
6198,22
6199,22
6200,22
6201,22
6202,22
6203,22
6204,22
6205,22
6206,22
6207,22
6208,22
6209,22
6210,22
6211,22
6212,22
6213,22
6214,22
6215,22
6216,22
6217,22
6218,22
6219,22
6220,22
6221,22
6222,22
6223,22
6224,21
6225,21
6226,21
6227,21
6228,21
6229,21
6230,21
6231,21
6232,21
6233,21
6234,21
6235,21
6236,21
6237,21
6238,21
6239,21
6240,21
6241,21
6242,21
6243,21
6244,21
6245,21
6246,21
6247,21
6248,21
6249,21
6250,21
6251,21
6252,21
6253,21
6254,21
6255,21
6256,21
6257,21
6258,21
6259,21
6260,21
6261,21
6262,21
6263,21
6264,21
6265,21
6266,21
6267,21
6268,21
6269,21
6270,21
6271,21
6272,21
6273,21
6274,21
6275,21
6276,21
6277,21
6278,21
6279,21
6280,21
6281,21
6282,20
6283,20
6284,20
6285,20
6286,20
6287,20
6288,20
6289,20
6290,20
6291,20
6292,20
6293,20
6294,20
6295,20
6296,20
6297,20
6298,20
6299,20
6300,20
6301,20
6302,20
6303,20
6304,20
6305,20
6306,20
6307,20
6308,20
6309,20
6310,20
6311,20
6312,20
6313,20
6314,20
6315,20
6316,20
6317,20
6318,20
6319,20
6320,20
6321,20
6322,20
6323,20
6324,20
6325,20
6326,20
6327,20
6328,20
6329,20
6330,20
6331,20
6332,19
6333,19
6334,19
6335,19
6336,19
6337,19
6338,19
6339,19
6340,19
6341,19
6342,19
6343,19
6344,19
6345,19
6346,19
6347,19
6348,19
6349,19
6350,19
6351,19
6352,19
6353,19
6354,19
6355,19
6356,19
6357,19
6358,19
6359,19
6360,19
6361,19
6362,19
6363,19
6364,19
6365,19
6366,19
6367,19
6368,19
6369,19
6370,19
6371,19
6372,19
6373,19
6374,19
6375,19
6376,19
6377,19
6378,19
6379,19
6380,19
6381,19
6382,19
6383,19
6384,19
6385,19
6386,19
6387,18
6388,18
6389,18
6390,18
6391,18
6392,18
6393,18
6394,18
6395,18
6396,18
6397,18
6398,18
6399,18
6400,18
6401,18
6402,18
6403,18
6404,18
6405,18
6406,18
6407,18
6408,18
6409,18
6410,18
6411,18
6412,18
6413,18
6414,18
6415,18
6416,18
6417,18
6418,18
6419,18
6420,18
6421,18
6422,18
6423,18
6424,18
6425,18
6426,18
6427,18
6428,18
6429,18
6430,18
6431,18
6432,18
6433,18
6434,18
6435,18
6436,18
6437,18
6438,18
6439,18
6440,18
6441,18
6442,18
6443,18
6444,18
6445,18
6446,18
6447,18
6448,18
6449,18
6450,17
6451,17
6452,17
6453,17
6454,17
6455,17
6456,17
6457,17
6458,17
6459,17
6460,17
6461,17
6462,17
6463,17
6464,17
6465,17
6466,17
6467,17
6468,17
6469,17
6470,17
6471,17
6472,17
6473,17
6474,17
6475,17
6476,17
6477,17
6478,17
6479,17
6480,17
6481,17
6482,17
6483,17
6484,17
6485,17
6486,17
6487,17
6488,17
6489,17
6490,17
6491,17
6492,17
6493,17
6494,17
6495,17
6496,17
6497,17
6498,17
6499,17
6500,17
6501,17
6502,17
6503,17
6504,17
6505,17
6506,17
6507,16
6508,16
6509,16
6510,16
6511,16
6512,16
6513,16
6514,16
6515,16
6516,16
6517,16
6518,16
6519,16
6520,16
6521,16
6522,16
6523,16
6524,16
6525,16
6526,16
6527,16
6528,16
6529,16
6530,16
6531,16
6532,16
6533,16
6534,16
6535,16
6536,16
6537,16
6538,16
6539,16
6540,16
6541,16
6542,16
6543,16
6544,16
6545,16
6546,16
6547,16
6548,16
6549,16
6550,16
6551,16
6552,16
6553,16
6554,16
6555,16
6556,16
6557,16
6558,16
6559,16
6560,16
6561,16
6562,16
6563,16
6564,16
6565,16
6566,16
6567,16
6568,16
6569,16
6570,16
6571,16
6572,16
6573,16
6574,16
6575,16
6576,16
6577,16
6578,16
6579,16
6580,16
6581,16
6582,16
6583,16
6584,16
6585,16
6586,16
6587,15
6588,15
6589,15
6590,15
6591,15
6592,15
6593,15
6594,15
6595,15
6596,15
6597,15
6598,15
6599,15
6600,15
6601,15
6602,15
6603,15
6604,15
6605,15
6606,15
6607,15
6608,15
6609,15
6610,15
6611,15
6612,15
6613,15
6614,15
6615,15
6616,15
6617,15
6618,15
6619,15
6620,15
6621,15
6622,15
6623,15
6624,15
6625,15
6626,15
6627,15
6628,15
6629,15
6630,15
6631,15
6632,15
6633,15
6634,15
6635,15
6636,15
6637,15
6638,15
6639,15
6640,15
6641,15
6642,15
6643,15
6644,15
6645,15
6646,15
6647,15
6648,15
6649,15
6650,15
6651,15
6652,15
6653,15
6654,15
6655,15
6656,15
6657,14
6658,14
6659,14
6660,14
6661,14
6662,14
6663,14
6664,14
6665,14
6666,14
6667,14
6668,14
6669,14
6670,14
6671,14
6672,14
6673,14
6674,14
6675,14
6676,14
6677,14
6678,14
6679,14
6680,14
6681,14
6682,14
6683,14
6684,14
6685,14
6686,14
6687,14
6688,14
6689,14
6690,14
6691,14
6692,14
6693,14
6694,14
6695,14
6696,14
6697,14
6698,14
6699,14
6700,14
6701,14
6702,14
6703,14
6704,14
6705,14
6706,14
6707,14
6708,14
6709,14
6710,14
6711,14
6712,14
6713,14
6714,14
6715,14
6716,14
6717,14
6718,14
6719,14
6720,14
6721,14
6722,14
6723,14
6724,14
6725,14
6726,14
6727,14
6728,14
6729,14
6730,14
6731,14
6732,14
6733,14
6734,14
6735,14
6736,13
6737,13
6738,13
6739,13
6740,13
6741,13
6742,13
6743,13
6744,13
6745,13
6746,13
6747,13
6748,13
6749,13
6750,13
6751,13
6752,13
6753,13
6754,13
6755,13
6756,13
6757,13
6758,13
6759,13
6760,13
6761,13
6762,13
6763,13
6764,13
6765,13
6766,13
6767,13
6768,13
6769,13
6770,13
6771,13
6772,13
6773,13
6774,13
6775,13
6776,13
6777,13
6778,13
6779,13
6780,13
6781,13
6782,13
6783,13
6784,13
6785,13
6786,13
6787,13
6788,13
6789,13
6790,13
6791,13
6792,13
6793,13
6794,13
6795,13
6796,13
6797,13
6798,13
6799,13
6800,13
6801,13
6802,13
6803,13
6804,13
6805,13
6806,13
6807,13
6808,13
6809,13
6810,13
6811,13
6812,13
6813,13
6814,13
6815,13
6816,13
6817,13
6818,13
6819,13
6820,13
6821,13
6822,12
6823,12
6824,12
6825,12
6826,12
6827,12
6828,12
6829,12
6830,12
6831,12
6832,12
6833,12
6834,12
6835,12
6836,12
6837,12
6838,12
6839,12
6840,12
6841,12
6842,12
6843,12
6844,12
6845,12
6846,12
6847,12
6848,12
6849,12
6850,12
6851,12
6852,12
6853,12
6854,12
6855,12
6856,12
6857,12
6858,12
6859,12
6860,12
6861,12
6862,12
6863,12
6864,12
6865,12
6866,12
6867,12
6868,12
6869,12
6870,12
6871,12
6872,12
6873,12
6874,12
6875,12
6876,12
6877,12
6878,12
6879,12
6880,12
6881,12
6882,11
6883,11
6884,11
6885,11
6886,11
6887,11
6888,11
6889,11
6890,11
6891,11
6892,11
6893,11
6894,11
6895,11
6896,11
6897,11
6898,11
6899,11
6900,11
6901,11
6902,11
6903,11
6904,11
6905,11
6906,11
6907,11
6908,11
6909,11
6910,11
6911,11
6912,11
6913,11
6914,11
6915,11
6916,11
6917,11
6918,11
6919,11
6920,11
6921,11
6922,11
6923,11
6924,11
6925,11
6926,11
6927,11
6928,11
6929,11
6930,11
6931,11
6932,11
6933,11
6934,11
6935,11
6936,11
6937,11
6938,11
6939,11
6940,11
6941,11
6942,11
6943,11
6944,11
6945,11
6946,11
6947,11
6948,11
6949,11
6950,11
6951,11
6952,11
6953,11
6954,11
6955,11
6956,11
6957,11
6958,11
6959,11
6960,11
6961,11
6962,11
6963,10
6964,10
6965,10
6966,10
6967,10
6968,10
6969,10
6970,10
6971,10
6972,10
6973,10
6974,10
6975,10
6976,10
6977,10
6978,10
6979,10
6980,10
6981,10
6982,10
6983,10
6984,10
6985,10
6986,10
6987,10
6988,10
6989,10
6990,10
6991,10
6992,10
6993,10
6994,10
6995,10
6996,10
6997,10
6998,10
6999,10
7000,10
7001,10
7002,10
7003,10
7004,10
7005,10
7006,10
7007,10
7008,10
7009,10
7010,10
7011,10
7012,10
7013,10
7014,10
7015,10
7016,10
7017,10
7018,10
7019,10
7020,10
7021,10
7022,10
7023,10
7024,10
7025,10
7026,10
7027,10
7028,10
7029,10
7030,10
7031,10
7032,10
7033,10
7034,10
7035,10
7036,10
7037,10
7038,10
7039,10
7040,10
7041,10
